Function Name,Test Case,Test Step,Status
add,normal - test_add_normal,Execution,Pass
add,boundary - test_add_boundary,Execution,Pass
add,error - test_add_error,Execution,Pass
divide,normal - test_divide_normal,Execution,Pass
divide,boundary - test_divide_boundary,Execution,Pass
divide,error - test_divide_error,Execution,Pass
factorial,normal - test_factorial_normal,Execution,Pass
factorial,boundary - test_factorial_boundary,Execution,Pass
factorial,error - test_factorial_error,Execution,Pass
multiply,normal - test_multiply_normal,Execution,Pass
multiply,boundary - test_multiply_boundary,Execution,Pass
multiply,error - test_multiply_error,Execution,Pass
power,normal - test_power_normal,Execution,Pass
power,boundary - test_power_boundary,Execution,Pass
power,error - test_power_error,Execution,Pass
subtract,normal - test_subtract_normal,Execution,Pass
subtract,boundary - test_subtract_boundary,Execution,Pass
subtract,error - test_subtract_error,Execution,Pass
create_queue,normal - test_create_queue_normal,Execution,Pass
create_queue,boundary - test_create_queue_boundary,Execution,Pass
create_queue,error - test_create_queue_error,Execution,Pass
create_stack,normal - test_create_stack_normal,Execution,Pass
create_stack,boundary - test_create_stack_boundary,Execution,Pass
create_stack,error - test_create_stack_error,Execution,Pass
dequeue,normal - test_dequeue_normal,Execution,Pass
dequeue,boundary - test_dequeue_boundary,Execution,Pass
dequeue,error - test_dequeue_error,Execution,Pass
destroy_queue,normal - test_destroy_queue_normal,Execution,Pass
destroy_queue,boundary - test_destroy_queue_boundary,Execution,Pass
destroy_queue,error - test_destroy_queue_error,Execution,Pass
destroy_stack,normal - test_destroy_stack_normal,Execution,Pass
destroy_stack,boundary - test_destroy_stack_boundary,Execution,Pass
destroy_stack,error - test_destroy_stack_error,Execution,Pass
enqueue,normal - test_enqueue_normal,Execution,Pass
enqueue,boundary - test_enqueue_boundary,Execution,Pass
enqueue,error - test_enqueue_error,Execution,Pass
is_empty,normal - test_is_empty_normal,Execution,Pass
is_empty,boundary - test_is_empty_boundary,Execution,Pass
is_empty,error - test_is_empty_error,Execution,Pass
is_full,normal - test_is_full_normal,Execution,Pass
is_full,boundary - test_is_full_boundary,Execution,Pass
is_full,error - test_is_full_error,Execution,Pass
peek,normal - test_peek_normal,Execution,Pass
peek,boundary - test_peek_boundary,Execution,Pass
peek,error - test_peek_error,Execution,Pass
pop,normal - test_pop_normal,Execution,Pass
pop,boundary - test_pop_boundary,Execution,Pass
pop,error - test_pop_error,Execution,Pass
push,normal - test_push_normal,Execution,Pass
push,boundary - test_push_boundary,Execution,Pass
push,error - test_push_error,Execution,Pass
main,normal - test_main_normal,Execution,Pass
main,boundary - test_main_boundary,Execution,Pass
main,error - test_main_error,Execution,Pass
count_char,normal - test_count_char_normal,Execution,Pass
count_char,boundary - test_count_char_boundary,Execution,Pass
count_char,error - test_count_char_error,Execution,Pass
is_palindrome,normal - test_is_palindrome_normal,Execution,Pass
is_palindrome,boundary - test_is_palindrome_boundary,Execution,Pass
is_palindrome,error - test_is_palindrome_error,Execution,Pass
reverse_string,normal - test_reverse_string_normal,Execution,Pass
reverse_string,boundary - test_reverse_string_boundary,Execution,Pass
reverse_string,error - test_reverse_string_error,Execution,Pass
to_lowercase,normal - test_to_lowercase_normal,Execution,Pass
to_lowercase,boundary - test_to_lowercase_boundary,Execution,Pass
to_lowercase,error - test_to_lowercase_error,Execution,Pass
to_uppercase,normal - test_to_uppercase_normal,Execution,Pass
to_uppercase,boundary - test_to_uppercase_boundary,Execution,Pass
to_uppercase,error - test_to_uppercase_error,Execution,Pass
trim_string,normal - test_trim_string_normal,Execution,Pass
trim_string,boundary - test_trim_string_boundary,Execution,Pass
trim_string,error - test_trim_string_error,Execution,Pass
add,normal - test_add_normal,Execution,Pass
add,boundary - test_add_boundary,Execution,Pass
add,error - test_add_error,Execution,Pass
factorial,normal - test_factorial_normal,Execution,Pass
factorial,boundary - test_factorial_boundary,Execution,Pass
factorial,error - test_factorial_error,Execution,Pass
find_max,normal - test_find_max_normal,Execution,Pass
find_max,boundary - test_find_max_boundary,Execution,Pass
find_max,error - test_find_max_error,Execution,Pass
multiply,normal - test_multiply_normal,Execution,Pass
multiply,boundary - test_multiply_boundary,Execution,Pass
multiply,error - test_multiply_error,Execution,Pass
reverse_string,normal - test_reverse_string_normal,Execution,Pass
reverse_string,boundary - test_reverse_string_boundary,Execution,Pass
reverse_string,error - test_reverse_string_error,Execution,Pass
